{
  "items": [
    {
      "type": "file",
      "title": "情商",
      "path": "情商.md"
    },
    {
      "type": "file",
      "title": "领导关注的点",
      "path": "领导关注的点.md"
    },
    {
      "type": "file",
      "title": "待办",
      "path": "2-旧CARDS/1-待办&记录.md"
    },
    {
      "type": "file",
      "title": "闪光的想法",
      "path": "闪光的想法.md"
    },
    {
      "type": "file",
      "title": "规则",
      "path": "规则.md"
    },
    {
      "type": "file",
      "title": "待解",
      "path": "待解.md"
    },
    {
      "type": "file",
      "title": "常用接口",
      "path": "常用接口.md"
    },
    {
      "type": "file",
      "title": "得到",
      "path": "得到.md"
    },
    {
      "type": "file",
      "title": "成功经验的一些小细节",
      "path": "获得自我认同的细节经验.md"
    },
    {
      "type": "file",
      "title": "花销规划",
      "path": "花销规划.md"
    },
    {
      "type": "file",
      "title": "每月",
      "path": "每月——1月.md"
    },
    {
      "type": "file",
      "title": "限额缓存",
      "path": "限额缓存.md"
    },
    {
      "type": "file",
      "title": "标签节点之间的橄榄结构",
      "path": "标签节点之间的橄榄结构！！.md"
    },
    {
      "type": "file",
      "title": "脱不花直播11.06",
      "path": "脱不花直播11.06.md"
    },
    {
      "type": "file",
      "title": "脱不花直播11.26",
      "path": "脱不花直播11.26.md"
    },
    {
      "type": "file",
      "title": "探索未知，构建的的方法",
      "path": "探索未知，构建的的方法.md"
    },
    {
      "type": "file",
      "title": "obsidian",
      "path": "obsidian.md"
    },
    {
      "type": "file",
      "title": "thebrain",
      "path": "thebrain/thebrain.md"
    },
    {
      "type": "file",
      "title": "年末总结&长远规划&给未来一年的自己的一封信",
      "path": "年末总结&长远规划&给未来一年的自己的一封信.md"
    },
    {
      "type": "file",
      "title": "PDF跳转",
      "path": "PDF跳转.md"
    },
    {
      "type": "file",
      "title": "时间线记录，各个层级",
      "path": "旧文件夹/场面、时刻、多视点/时间线记录，各个层级.md"
    },
    {
      "type": "file",
      "title": "2022年第8周21-27",
      "path": "旧文件夹/场面、时刻、多视点/2022年第8周21-27.md"
    },
    {
      "type": "file",
      "title": "项目梳理-近地警告",
      "path": "项目梳理-近地警告.md"
    },
    {
      "type": "file",
      "title": "Drawing 2022-03-06 21.09.31.excalidraw",
      "path": "DRAWING/Drawing 2022-03-06 21.09.31.excalidraw.md"
    },
    {
      "type": "file",
      "title": "得到网课图书馆",
      "path": "得到网课图书馆.md"
    },
    {
      "type": "file",
      "title": "Drawing 2022-03-24 15.31.07.excalidraw",
      "path": "DRAWING/项目、时间统计以及标签.md"
    },
    {
      "type": "file",
      "title": "Drawing 2022-03-24 19.48.23.excalidraw",
      "path": "DRAWING/我的笔记法.md"
    },
    {
      "type": "file",
      "title": "笔记法",
      "path": "笔记法.md"
    },
    {
      "type": "file",
      "title": "各个项目的设备工具化工品，形成一个文件",
      "path": "2-旧CARDS/1k-各个项目的设备工具化工品，形成一个文件.md"
    },
    {
      "type": "file",
      "title": "项目的设备工具化工品的表",
      "path": "给文献笔记的文件夹/项目的设备工具化工品的表.md"
    },
    {
      "type": "file",
      "title": "着急出的件",
      "path": "给文献笔记的文件夹/1a2-着急出的件.md"
    },
    {
      "type": "file",
      "title": "本周工作计划",
      "path": "给文献笔记的文件夹/1a-本周工作计划.md"
    },
    {
      "type": "file",
      "title": "202208041138",
      "path": "给文献笔记的文件夹/1a1-202208041138.md"
    },
    {
      "type": "file",
      "title": "12-地图",
      "path": "2-旧CARDS/12-地图.md"
    },
    {
      "type": "file",
      "title": "疑问",
      "path": "2-旧CARDS/15-疑问.md"
    },
    {
      "type": "file",
      "title": "1a3a-8.15待办",
      "path": "给文献笔记的文件夹/1a3a-8.24待办.md"
    },
    {
      "type": "file",
      "title": "1a3a1a-902待办",
      "path": "2-旧CARDS/1a-904待办.md"
    },
    {
      "type": "file",
      "title": "1a6-需要时常更新的",
      "path": "2-旧CARDS/1a2-需要时常更新的.md"
    },
    {
      "type": "file",
      "title": "12a-DRAWINGS",
      "path": "3-索引/12a-DRAWINGS.md"
    },
    {
      "type": "file",
      "title": "0221",
      "path": "GTD/1A1-手里近地警告的典型故障.md"
    },
    {
      "type": "file",
      "title": "现场件情况.excalidraw",
      "path": "3-项目/现场件情况的/现场件情况.excalidraw.md"
    },
    {
      "type": "file",
      "title": "1J-1.excalidraw",
      "path": "1J-1.excalidraw.md"
    },
    {
      "type": "file",
      "title": "最近的计划",
      "path": "3-项目/近期计划/最近的计划.md"
    },
    {
      "type": "file",
      "title": "近期计划.excalidraw",
      "path": "3-项目/0-近期计划/近期计划.excalidraw.md"
    },
    {
      "type": "file",
      "title": "LRA视图.excalidraw",
      "path": "3-项目/1-LRA出厂计划/LRA视图.excalidraw.md"
    },
    {
      "type": "file",
      "title": "时间统计",
      "path": "时间统计.md"
    },
    {
      "type": "file",
      "title": "工作单改版代办事项",
      "path": "工作单改版代办事项.md"
    },
    {
      "type": "file",
      "title": "娱乐部分需要熟悉的台子和手册",
      "path": "娱乐部分需要熟悉的台子和手册.md"
    },
    {
      "type": "file",
      "title": "35A2-12日",
      "path": "项目/35-给日程安排的文件夹/35A-日/日程-日/35A2-12日.md"
    },
    {
      "type": "file",
      "title": "35A3-13日",
      "path": "项目/35-给日程安排的文件夹/35A-日/日程-日/35A3-13日.md"
    },
    {
      "type": "file",
      "title": "35A1-11日",
      "path": "项目/35-给日程安排的文件夹/35A-日/日程-日/35A1-11日.md"
    },
    {
      "type": "file",
      "title": "35A4-14日",
      "path": "项目/35-给日程安排的文件夹/35A-日/日程-日/35A4-14日.md"
    },
    {
      "type": "file",
      "title": "35A5-15日",
      "path": "项目/35-给日程安排的文件夹/35A-日/日程-日/35A5-15日.md"
    },
    {
      "type": "file",
      "title": "35A6-16日",
      "path": "项目/35-给日程安排的文件夹/35A-日/日程-日/35A6-16日.md"
    },
    {
      "type": "file",
      "title": "35A7-17日",
      "path": "项目/35-给日程安排的文件夹/35A-日/日程-日/35A7-17日.md"
    },
    {
      "type": "file",
      "title": "428",
      "path": "428.md"
    },
    {
      "type": "file",
      "title": "23@E-本项目里面的标签",
      "path": "项目/36-附件修理培训/附件修理培训/23@E-本项目里面的标签.md"
    },
    {
      "type": "file",
      "title": "使用旁注的方法，标记信息来源",
      "path": "使用旁注的方法，标记信息来源.md"
    },
    {
      "type": "file",
      "title": "23-做一个大纲，这也是一个index咯",
      "path": "项目/36-附件修理培训/附件修理培训/23-做一个大纲，这也是一个index咯.md"
    }
  ]
}