{
  "main": {
    "id": "d11e0bcc3eb97d14",
    "type": "split",
    "children": [
      {
        "id": "ea2795d1194d67bb",
        "type": "tabs",
        "children": [
          {
            "id": "1be6b3d218075aae",
            "type": "leaf",
            "state": {
              "type": "markdown",
              "state": {
                "file": "项目/18-战略视图迭代/18E-GTD夹子/18E1-下一步待办事项清单.md",
                "mode": "source",
                "backlinks": true,
                "source": false
              }
            }
          }
        ]
      }
    ],
    "direction": "vertical"
  },
  "left": {
    "id": "27fea4705dfb8857",
    "type": "mobile-drawer",
    "children": [
      {
        "id": "1b9388ef9605b58d",
        "type": "leaf",
        "state": {
          "type": "file-explorer",
          "state": {
            "sortOrder": "alphabetical"
          }
        }
      },
      {
        "id": "7367c491d9d20ecd",
        "type": "leaf",
        "state": {
          "type": "search",
          "state": {
            "query": "",
            "matchingCase": false,
            "explainSearch": false,
            "collapseAll": false,
            "extraContext": false,
            "sortOrder": "alphabetical"
          }
        }
      },
      {
        "id": "44d191682eb40ed3",
        "type": "leaf",
        "state": {
          "type": "tag",
          "state": {
            "sortOrder": "frequency",
            "useHierarchy": true
          }
        }
      },
      {
        "id": "bcc47a30798e9284",
        "type": "leaf",
        "state": {
          "type": "bookmarks",
          "state": {}
        }
      },
      {
        "id": "fc892e72571cfc0e",
        "type": "leaf",
        "state": {
          "type": "recent-files",
          "state": {}
        }
      },
      {
        "id": "53b154cc740dad8c",
        "type": "leaf",
        "state": {
          "type": "file-tree-view",
          "state": {}
        }
      }
    ],
    "currentTab": 5,
    "pinned": true
  },
  "right": {
    "id": "1ac131d0b52c3958",
    "type": "mobile-drawer",
    "children": [
      {
        "id": "3586f55f844df8c8",
        "type": "leaf",
        "state": {
          "type": "backlink",
          "state": {
            "file": "项目/18-战略视图迭代/18E-GTD夹子/18E1-下一步待办事项清单.md",
            "collapseAll": false,
            "extraContext": false,
            "sortOrder": "alphabetical",
            "showSearch": false,
            "searchQuery": "",
            "backlinkCollapsed": false,
            "unlinkedCollapsed": true
          }
        }
      },
      {
        "id": "42007b29eb9c15bb",
        "type": "leaf",
        "state": {
          "type": "outgoing-link",
          "state": {
            "file": "项目/18-战略视图迭代/18E-GTD夹子/18E1-下一步待办事项清单.md",
            "linksCollapsed": false,
            "unlinkedCollapsed": true
          }
        }
      },
      {
        "id": "d1cf9abf46aadda7",
        "type": "leaf",
        "state": {
          "type": "outline",
          "state": {
            "file": "项目/18-战略视图迭代/18E-GTD夹子/18E1-下一步待办事项清单.md"
          }
        }
      },
      {
        "id": "47c07f3cf9f04142",
        "type": "leaf",
        "state": {
          "type": "calendar",
          "state": {}
        }
      },
      {
        "id": "dd9c6cda72b7744f",
        "type": "leaf",
        "state": {
          "type": "advanced-tables-toolbar",
          "state": {}
        }
      },
      {
        "id": "00681b3476480f91",
        "type": "leaf",
        "state": {
          "type": "timeline",
          "state": {}
        }
      }
    ],
    "currentTab": 5
  },
  "left-ribbon": {
    "hiddenItems": {
      "obsidian-excalidraw-plugin:新建绘图文件": false,
      "switcher:打开快速切换": false,
      "graph:查看关系图谱": false,
      "canvas:新建白板": false,
      "daily-notes:打开/创建今天的日记": false,
      "templates:插入模板": false,
      "command-palette:打开命令面板": false,
      "markdown-importer:打开 Markdown 格式转换器": false,
      "zk-prefixer:创建时间戳笔记": false,
      "random-note:开始漫游笔记": false,
      "workspaces:管理工作区布局": false,
      "obsidian42-text-transporter:Obsidian42 - Text Transporter": false,
      "table-editor-obsidian:Advanced Tables Toolbar": false,
      "obsidian42-brat:BRAT": false,
      "file-tree-alternative:File Tree Alternative Plugin": false,
      "obsidian-day-planner:Timeline": false,
      "obsidian-memos:Memos": false
    }
  },
  "active": "1be6b3d218075aae",
  "lastOpenFiles": [
    "项目/18-战略视图迭代/18E-GTD夹子/18E3-3月的开展计划/18E3A- 清单.md",
    "项目/18-战略视图迭代/18E-GTD夹子/18E3-3月的开展计划/18E3A1- 范式收集.excalidraw.md",
    "项目/7-项目符合性评估/7E1-计量漏洞.md",
    "项目/7-项目符合性评估/7E2-6060B设备.md",
    "项目/18-战略视图迭代/18E-GTD夹子/18E2-项目清单.md",
    "ZK卡片/202403102222.md",
    "Excalidraw/Drawing 2024-03-10 22.23.03.excalidraw.md",
    "Excalidraw/Drawing 2024-03-10 22.23.04.excalidraw.md",
    "Excalidraw",
    "Untitled.canvas",
    "项目/18-战略视图迭代/18E-GTD夹子/18E1-下一步待办事项清单.md"
  ]
}