{
  "main": {
    "id": "1b1cffd9e86292c4",
    "type": "split",
    "children": [
      {
        "id": "66c90fe3a99d6102",
        "type": "tabs",
        "children": [
          {
            "id": "87502b4d25df8a1d",
            "type": "leaf",
            "state": {
              "type": "markdown",
              "state": {
                "file": "项目/待整理的内容/ATOM@016C.001.001- 再加一个点.md",
                "mode": "source",
                "backlinks": true,
                "source": false
              }
            }
          }
        ]
      }
    ],
    "direction": "vertical"
  },
  "left": {
    "id": "671a2780b75ae3ff",
    "type": "split",
    "children": [
      {
        "id": "7c9a83f33c1f104c",
        "type": "tabs",
        "children": [
          {
            "id": "45ad3751bbe74b32",
            "type": "leaf",
            "state": {
              "type": "file-explorer",
              "state": {
                "sortOrder": "alphabetical"
              }
            }
          },
          {
            "id": "29339b96bd5c8a81",
            "type": "leaf",
            "state": {
              "type": "search",
              "state": {
                "query": "三明治",
                "matchingCase": false,
                "explainSearch": false,
                "collapseAll": true,
                "extraContext": false,
                "sortOrder": "byModifiedTime"
              }
            }
          },
          {
            "id": "597a20a73b645e45",
            "type": "leaf",
            "state": {
              "type": "bookmarks",
              "state": {}
            }
          },
          {
            "id": "21c65600d9ad3bf7",
            "type": "leaf",
            "state": {
              "type": "recent-files",
              "state": {}
            }
          },
          {
            "id": "4f819b494759be8c",
            "type": "leaf",
            "state": {
              "type": "file-tree-view",
              "state": {}
            }
          }
        ],
        "currentTab": 2
      }
    ],
    "direction": "horizontal",
    "width": 315.5,
    "collapsed": true
  },
  "right": {
    "id": "99c2927b20fa72b0",
    "type": "split",
    "children": [
      {
        "id": "269af29495f17359",
        "type": "tabs",
        "children": [
          {
            "id": "fa33fbe8ef4cab36",
            "type": "leaf",
            "pinned": true,
            "state": {
              "type": "markdown",
              "state": {
                "file": "项目/待整理的内容/编号列表2.md",
                "mode": "preview",
                "backlinks": true,
                "source": false
              },
              "pinned": true
            }
          },
          {
            "id": "b3849825fe822734",
            "type": "leaf",
            "state": {
              "type": "backlink",
              "state": {
                "file": "项目/待整理的内容/ATOM@016C.001.001- 再加一个点.md",
                "collapseAll": false,
                "extraContext": false,
                "sortOrder": "alphabetical",
                "showSearch": false,
                "searchQuery": "",
                "backlinkCollapsed": false,
                "unlinkedCollapsed": true
              }
            }
          },
          {
            "id": "633ec0204a71716b",
            "type": "leaf",
            "state": {
              "type": "outgoing-link",
              "state": {
                "file": "项目/待整理的内容/ATOM@016C.001.001- 再加一个点.md",
                "linksCollapsed": false,
                "unlinkedCollapsed": true
              }
            }
          },
          {
            "id": "6f1563743bcfe085",
            "type": "leaf",
            "state": {
              "type": "tag",
              "state": {
                "sortOrder": "frequency",
                "useHierarchy": true
              }
            }
          },
          {
            "id": "ac640b9a2b5b97f6",
            "type": "leaf",
            "state": {
              "type": "outline",
              "state": {
                "file": "项目/待整理的内容/ATOM@016C.001.001- 再加一个点.md"
              }
            }
          },
          {
            "id": "54f4695102f956fe",
            "type": "leaf",
            "state": {
              "type": "all-properties",
              "state": {
                "sortOrder": "frequency",
                "showSearch": false,
                "searchQuery": ""
              }
            }
          },
          {
            "id": "61de585b0f66427e",
            "type": "leaf",
            "state": {
              "type": "advanced-tables-toolbar",
              "state": {}
            }
          }
        ]
      }
    ],
    "direction": "horizontal",
    "width": 542.5
  },
  "left-ribbon": {
    "hiddenItems": {
      "switcher:打开快速切换": false,
      "graph:查看关系图谱": false,
      "canvas:新建白板": false,
      "daily-notes:打开/创建今天的日记": false,
      "command-palette:打开命令面板": false,
      "markdown-importer:打开 Markdown 格式转换器": false,
      "zk-prefixer:创建时间戳笔记": false,
      "workspaces:管理工作区布局": false,
      "file-tree-alternative:File Tree Alternative Plugin": false,
      "obsidian-excalidraw-plugin:新建绘图文件": false,
      "cmdr:在系统资源管理器中显示": false,
      "table-editor-obsidian:Advanced Tables Toolbar": false,
      "obsidian42-brat:BRAT": false,
      "homepage:Open homepage": false,
      "outliner-md:New outliner file": false,
      "obsidian-day-planner:Timeline": false,
      "templater-obsidian:Templater": false
    }
  },
  "active": "87502b4d25df8a1d",
  "lastOpenFiles": [
    "项目/待整理的内容/编号列表2.md",
    "日志文件夹/2024-08-18.md",
    "给longform的/工程文档/简要说明.md",
    "项目/待整理的内容/简要说明- 添加笔记.md",
    "Pasted image 20240818152125.png",
    "项目/待整理的内容/ATOM@016C.001A001- 驱蚊器.md",
    "项目/待整理的内容/ATOM@016C.001- 走另一条加点的路线.md",
    "项目/待整理的内容/ATOM@016C.001.001- 钱王拳王.md",
    "项目/待整理的内容/ATOM@016C.001A001- 1111.md",
    "项目/1-资料库/001-资料库/ZL-资料.md",
    "项目/待整理的内容/ATOM@016C- 占位符.md",
    "项目/待整理的内容/ATOM@016D- 这里尝试一下.md",
    "项目/待整理的内容/ATOM@016C001- 看看逻辑对不对.md",
    "项目/待整理的内容/ATOM@016C.002- 这里就没有问题，加了点也没变色.md",
    "项目/待整理的内容/ATOM@016C.001A- 尝试多层多点看看.md",
    "项目/待整理的内容/ATOM@016C.001.002- 也是没有问题好像.md",
    "项目/待整理的内容/ATOM@016C.001.001A- 进行一个嵌套.md",
    "项目/待整理的内容/ATOM@016C.001.001.002- 哦吼.md",
    "项目/待整理的内容/ATOM@016C.001.001.001A- 再尝试.md",
    "项目/待整理的内容/ATOM@016C.001.001.001.001- 最后试一下.md",
    "项目/待整理的内容/ATOM@016C.001.001.001- 加点辣.md",
    "项目/待整理的内容/ATOM@016C.001.001- 再加一个点.md",
    "项目/待整理的内容/ATOM@001A- 可以把当前库作为一个最小可用单元.md",
    "notes/编号列表.md",
    "项目/待整理的内容/ATOM@001- 需要配置这个库的templater.md",
    "给longform的/工程文档/1.下礼拜的工作.md",
    "scripts/dada.js",
    "scripts/create_similar_note.js",
    "scripts",
    "templater/create_similar_note.md",
    "templater",
    "新建文件夹",
    "Pasted image 20240719063748.png",
    "c5ba2557e5376e584c67b4f628d617f.jpg",
    "Pasted image 20240719063226.png",
    "f27e58a207d4a9a9f44adfccef08d0c.png",
    "项目/1-资料库/001-资料库",
    "项目/2-GTD/002-GTD待办事项，日程，目标等",
    "项目/2-GTD",
    "项目/1-资料库",
    "项目/待整理的内容",
    "attachments/Pasted image 20240713143627.png",
    "attachments/Pasted image 20240713141822.png",
    "attachments/Pasted image 20240712154340.png",
    "attachments/Pasted image 20240712150625.png",
    "attachments/Pasted Image 20240712142234_764.png"
  ]
}